{
  "best_iteration": 16,
  "feature_importance": [
    10,
    6,
    10,
    7,
    4,
    2,
    3,
    2,
    0,
    1,
    2,
    2,
    0,
    2,
    0,
    2,
    0,
    1,
    0,
    1,
    1,
    0,
    2,
    0,
    2,
    3,
    2,
    1,
    1,
    1,
    0,
    0,
    0,
    0,
    0,
    2,
    2,
    1,
    2,
    2,
    0,
    1,
    3,
    1,
    1,
    0,
    0,
    3,
    1,
    1,
    0,
    3,
    0,
    3,
    4,
    1,
    0,
    0,
    2,
    4,
    0,
    2,
    1,
    0,
    0,
    1,
    0,
    2,
    2,
    0,
    1,
    1,
    2,
    1,
    2,
    4,
    1,
    1,
    2,
    1,
    0,
    0,
    0,
    1,
    0,
    0,
    0,
    0,
    0,
    1,
    0,
    0,
    0,
    0,
    0,
    0,
    0,
    4,
    0,
    1,
    0,
    0,
    0,
    0,
    2,
    0,
    2,
    0,
    0,
    1,
    1,
    0,
    0,
    0,
    0,
    1,
    2,
    1,
    0,
    0,
    0,
    0,
    1,
    0,
    1,
    0,
    0,
    1,
    18,
    14,
    3,
    9,
    2,
    14,
    7,
    2,
    11,
    6,
    8,
    6,
    4,
    4,
    2,
    4,
    3,
    1,
    2,
    3,
    4,
    6,
    3,
    11,
    3,
    6,
    1,
    0,
    4,
    7,
    1,
    2,
    1,
    0,
    5,
    1,
    4,
    2,
    0,
    4,
    2,
    1,
    5,
    1,
    2,
    0,
    1,
    1,
    2,
    1,
    2,
    1,
    1,
    0,
    1,
    1,
    0,
    0,
    1,
    0,
    2,
    1,
    1,
    1,
    0,
    0,
    1,
    1,
    0,
    0,
    1,
    1,
    2,
    3,
    3,
    1,
    1,
    3,
    0,
    1,
    3,
    1,
    3,
    0,
    0,
    0,
    1,
    1,
    0,
    37
  ],
  "params": {
    "objective": "regression",
    "metric": "rmse",
    "boosting_type": "gbdt",
    "learning_rate": 0.005,
    "num_leaves": 32,
    "max_depth": 5,
    "min_data_in_leaf": 500,
    "lambda_l1": 1,
    "lambda_l2": 1,
    "feature_fraction": 0.7,
    "bagging_freq": 10,
    "extra_trees": true,
    "max_bin": 32,
    "verbose": -1,
    "seed": 142,
    "num_threads": 20,
    "deterministic": true,
    "num_iterations": 10000,
    "categorical_column": [
      217
    ]
  },
  "test_corr": -0.006093193145060364,
  "fac_num": 217,
  "avg_abs_true": 0.7117929686900486,
  "avg_abs_pred": 0.006245354267233334
}