{
  "best_iteration": 476,
  "feature_importance": [
    237,
    121,
    152,
    112,
    109,
    74,
    62,
    96,
    17,
    32,
    40,
    50,
    31,
    52,
    52,
    31,
    29,
    30,
    23,
    27,
    60,
    23,
    59,
    68,
    38,
    53,
    65,
    48,
    24,
    34,
    8,
    37,
    6,
    26,
    14,
    41,
    36,
    31,
    30,
    16,
    17,
    40,
    33,
    29,
    26,
    15,
    27,
    16,
    17,
    22,
    17,
    46,
    19,
    29,
    38,
    33,
    26,
    17,
    30,
    31,
    28,
    22,
    23,
    19,
    35,
    36,
    26,
    28,
    29,
    33,
    16,
    22,
    27,
    17,
    25,
    19,
    17,
    27,
    18,
    23,
    25,
    23,
    13,
    20,
    17,
    24,
    16,
    12,
    15,
    20,
    26,
    18,
    13,
    26,
    17,
    20,
    23,
    20,
    22,
    32,
    17,
    18,
    24,
    21,
    18,
    13,
    30,
    17,
    30,
    16,
    20,
    23,
    20,
    17,
    16,
    8,
    24,
    35,
    18,
    17,
    4,
    17,
    20,
    10,
    17,
    14,
    19,
    19,
    283,
    277,
    272,
    204,
    259,
    155,
    179,
    153,
    193,
    185,
    141,
    118,
    77,
    131,
    83,
    132,
    89,
    111,
    117,
    134,
    132,
    132,
    94,
    117,
    98,
    117,
    78,
    41,
    58,
    87,
    70,
    68,
    62,
    55,
    86,
    45,
    59,
    52,
    54,
    54,
    41,
    34,
    68,
    61,
    35,
    71,
    59,
    43,
    50,
    74,
    25,
    57,
    39,
    47,
    48,
    28,
    26,
    24,
    35,
    18,
    38,
    43,
    27,
    31,
    35,
    44,
    33,
    29,
    48,
    56,
    41,
    58,
    44,
    14,
    35,
    32,
    41,
    41,
    39,
    36,
    18,
    28,
    18,
    24,
    40,
    28,
    25,
    44,
    30,
    974
  ],
  "params": {
    "objective": "regression",
    "metric": "rmse",
    "boosting_type": "gbdt",
    "learning_rate": 0.005,
    "num_leaves": 32,
    "max_depth": 5,
    "min_data_in_leaf": 500,
    "lambda_l1": 1,
    "lambda_l2": 1,
    "feature_fraction": 0.7,
    "bagging_freq": 10,
    "extra_trees": true,
    "max_bin": 32,
    "verbose": -1,
    "seed": 142,
    "num_threads": 20,
    "deterministic": true,
    "num_iterations": 10000,
    "categorical_column": [
      217
    ]
  },
  "test_corr": 0.0060392051014226105,
  "fac_num": 217,
  "avg_abs_true": 0.7366656044055241,
  "avg_abs_pred": 0.010128356730280442
}