{
  "best_iteration": 204,
  "feature_importance": [
    125,
    88,
    106,
    43,
    92,
    40,
    85,
    46,
    78,
    31,
    49,
    46,
    31,
    23,
    31,
    31,
    19,
    34,
    30,
    26,
    38,
    34,
    12,
    28,
    21,
    22,
    20,
    18,
    28,
    17,
    14,
    59,
    20,
    30,
    1,
    15,
    22,
    24,
    12,
    7,
    30,
    18,
    18,
    35,
    5,
    20,
    15,
    14,
    24,
    10,
    21,
    23,
    24,
    1,
    7,
    17,
    21,
    19,
    13,
    6,
    13,
    13,
    18,
    14,
    15,
    14,
    11,
    18,
    11,
    14,
    8,
    6,
    22,
    11,
    12,
    4,
    13,
    22,
    23,
    21,
    7,
    12,
    18,
    9,
    11,
    7,
    10,
    11,
    17,
    4,
    16,
    13,
    7,
    5,
    18,
    13,
    6,
    6,
    34,
    8,
    11,
    16,
    4,
    4,
    9,
    8,
    6,
    8,
    6,
    6,
    14,
    15,
    17,
    12,
    8,
    6,
    6,
    11,
    6,
    7,
    18,
    8,
    8,
    13,
    10,
    3,
    3,
    95,
    101,
    78,
    113,
    94,
    76,
    82,
    74,
    76,
    75,
    80,
    48,
    73,
    102,
    78,
    30,
    31,
    45,
    36,
    44,
    55,
    39,
    23,
    57,
    25,
    33,
    41,
    42,
    34,
    40,
    15,
    43,
    13,
    23,
    10,
    13,
    17,
    18,
    26,
    12,
    12,
    14,
    22,
    24,
    6,
    19,
    36,
    16,
    24,
    20,
    4,
    24,
    19,
    6,
    4,
    7,
    12,
    14,
    17,
    17,
    25,
    15,
    6,
    4,
    10,
    13,
    10,
    9,
    13,
    7,
    13,
    5,
    9,
    11,
    5,
    11,
    18,
    15,
    40,
    1,
    6,
    14,
    6,
    376
  ],
  "params": {
    "objective": "regression",
    "metric": "rmse",
    "boosting_type": "gbdt",
    "learning_rate": 0.005,
    "num_leaves": 32,
    "max_depth": 5,
    "min_data_in_leaf": 500,
    "lambda_l1": 1,
    "lambda_l2": 1,
    "feature_fraction": 0.7,
    "bagging_freq": 10,
    "extra_trees": true,
    "max_bin": 32,
    "verbose": -1,
    "seed": 142,
    "num_threads": 20,
    "deterministic": true,
    "num_iterations": 10000,
    "categorical_column": [
      210
    ]
  },
  "test_corr": 0.013164838980392807,
  "fac_num": 210,
  "avg_abs_true": 0.7310750034823856,
  "avg_abs_pred": 0.010150706590173406
}