{
  "best_iteration": 958,
  "feature_importance": [
    455,
    233,
    304,
    218,
    177,
    138,
    126,
    172,
    103,
    77,
    81,
    98,
    97,
    92,
    115,
    71,
    79,
    56,
    48,
    81,
    53,
    56,
    119,
    103,
    100,
    74,
    108,
    71,
    53,
    82,
    33,
    64,
    42,
    73,
    40,
    58,
    74,
    48,
    66,
    49,
    41,
    51,
    65,
    68,
    76,
    31,
    41,
    69,
    43,
    64,
    56,
    48,
    61,
    59,
    67,
    53,
    59,
    40,
    84,
    41,
    53,
    72,
    41,
    68,
    48,
    73,
    64,
    60,
    44,
    61,
    45,
    37,
    64,
    49,
    50,
    50,
    35,
    47,
    44,
    45,
    34,
    39,
    31,
    43,
    33,
    39,
    20,
    40,
    31,
    53,
    63,
    39,
    32,
    39,
    57,
    49,
    41,
    50,
    45,
    53,
    39,
    44,
    51,
    41,
    55,
    30,
    40,
    51,
    56,
    45,
    41,
    45,
    45,
    35,
    40,
    48,
    55,
    43,
    39,
    48,
    28,
    26,
    45,
    45,
    49,
    31,
    22,
    46,
    489,
    495,
    403,
    362,
    343,
    300,
    327,
    353,
    352,
    381,
    274,
    238,
    229,
    259,
    256,
    204,
    217,
    173,
    229,
    236,
    285,
    219,
    181,
    223,
    153,
    239,
    162,
    140,
    104,
    145,
    143,
    133,
    127,
    109,
    191,
    154,
    121,
    186,
    105,
    133,
    78,
    68,
    115,
    100,
    78,
    142,
    115,
    82,
    91,
    113,
    63,
    108,
    115,
    64,
    89,
    80,
    31,
    68,
    61,
    95,
    80,
    108,
    81,
    49,
    63,
    88,
    76,
    91,
    68,
    40,
    38,
    104,
    76,
    66,
    46,
    53,
    40,
    98,
    70,
    62,
    66,
    34,
    69,
    51,
    58,
    56,
    59,
    80,
    59,
    1735
  ],
  "params": {
    "objective": "regression",
    "metric": "rmse",
    "boosting_type": "gbdt",
    "learning_rate": 0.005,
    "num_leaves": 32,
    "max_depth": 5,
    "min_data_in_leaf": 500,
    "lambda_l1": 1,
    "lambda_l2": 1,
    "feature_fraction": 0.7,
    "bagging_freq": 10,
    "extra_trees": true,
    "max_bin": 32,
    "verbose": -1,
    "seed": 142,
    "num_threads": 20,
    "deterministic": true,
    "num_iterations": 10000,
    "categorical_column": [
      217
    ]
  },
  "test_corr": 0.006810143783128434,
  "fac_num": 217,
  "avg_abs_true": 0.7268003566789419,
  "avg_abs_pred": 0.0181142856975708
}