{
  "best_iteration": 152,
  "feature_importance": [
    143,
    44,
    76,
    52,
    38,
    18,
    60,
    46,
    50,
    12,
    28,
    25,
    4,
    27,
    19,
    24,
    24,
    49,
    15,
    38,
    32,
    38,
    20,
    29,
    20,
    23,
    11,
    8,
    13,
    5,
    9,
    4,
    11,
    14,
    3,
    4,
    12,
    7,
    7,
    0,
    21,
    11,
    21,
    10,
    7,
    19,
    9,
    6,
    10,
    11,
    5,
    20,
    11,
    7,
    6,
    12,
    8,
    8,
    6,
    14,
    12,
    7,
    9,
    6,
    7,
    8,
    4,
    26,
    7,
    10,
    5,
    5,
    11,
    11,
    8,
    9,
    14,
    30,
    21,
    5,
    11,
    8,
    8,
    10,
    13,
    12,
    5,
    9,
    11,
    8,
    5,
    11,
    7,
    4,
    5,
    1,
    8,
    10,
    6,
    8,
    6,
    1,
    5,
    1,
    10,
    5,
    11,
    9,
    8,
    17,
    6,
    10,
    6,
    9,
    11,
    8,
    7,
    9,
    6,
    3,
    5,
    7,
    11,
    19,
    7,
    1,
    10,
    92,
    59,
    74,
    112,
    107,
    79,
    42,
    41,
    74,
    29,
    98,
    38,
    62,
    79,
    87,
    45,
    27,
    26,
    51,
    30,
    25,
    7,
    1,
    12,
    33,
    34,
    59,
    18,
    13,
    17,
    15,
    53,
    23,
    10,
    41,
    17,
    1,
    13,
    15,
    11,
    7,
    11,
    9,
    21,
    9,
    20,
    13,
    3,
    18,
    6,
    7,
    26,
    12,
    17,
    7,
    2,
    9,
    20,
    7,
    15,
    14,
    13,
    7,
    8,
    8,
    13,
    3,
    6,
    13,
    8,
    18,
    7,
    10,
    22,
    4,
    9,
    5,
    8,
    5,
    1,
    10,
    13,
    11,
    274
  ],
  "params": {
    "objective": "regression",
    "metric": "rmse",
    "boosting_type": "gbdt",
    "learning_rate": 0.005,
    "num_leaves": 32,
    "max_depth": 5,
    "min_data_in_leaf": 500,
    "lambda_l1": 1,
    "lambda_l2": 1,
    "feature_fraction": 0.7,
    "bagging_freq": 10,
    "extra_trees": true,
    "max_bin": 32,
    "verbose": -1,
    "seed": 142,
    "num_threads": 20,
    "deterministic": true,
    "num_iterations": 10000,
    "categorical_column": [
      210
    ]
  },
  "test_corr": 0.022384160461620565,
  "fac_num": 210,
  "avg_abs_true": 0.7236351179403447,
  "avg_abs_pred": 0.00950071452368408
}