{
  "best_iteration": 456,
  "feature_importance": [
    86,
    117,
    233,
    116,
    178,
    116,
    174,
    81,
    193,
    146,
    85,
    127,
    48,
    108,
    120,
    105,
    90,
    39,
    94,
    84,
    187,
    64,
    106,
    37,
    60,
    56,
    22,
    55,
    53,
    72,
    33,
    123,
    84,
    19,
    38,
    19,
    25,
    21,
    26,
    20,
    37,
    14,
    21,
    18,
    34,
    41,
    38,
    14,
    34,
    40,
    34,
    27,
    36,
    37,
    19,
    34,
    28,
    28,
    20,
    22,
    19,
    38,
    48,
    21,
    39,
    32,
    13,
    23,
    18,
    27,
    9,
    53,
    33,
    44,
    18,
    13,
    12,
    28,
    86,
    23,
    46,
    29,
    49,
    43,
    15,
    23,
    9,
    60,
    12,
    14,
    23,
    21,
    27,
    17,
    25,
    23,
    23,
    25,
    35,
    69,
    24,
    22,
    23,
    38,
    4,
    17,
    22,
    44,
    20,
    28,
    20,
    30,
    27,
    23,
    10,
    21,
    15,
    19,
    15,
    18,
    7,
    17,
    21,
    9,
    28,
    11,
    21,
    20,
    30,
    31,
    35,
    19,
    20,
    27,
    9,
    10,
    43,
    23,
    14,
    24,
    9,
    25,
    21,
    17,
    12,
    22,
    23,
    32,
    22,
    24,
    66,
    14,
    247,
    137,
    139,
    84,
    192,
    166,
    126,
    106,
    86,
    112,
    158,
    113,
    66,
    59,
    176,
    151,
    71,
    104,
    129,
    106,
    173,
    71,
    152,
    22,
    160,
    117,
    203,
    91,
    55,
    86,
    48,
    28,
    91,
    26,
    93,
    38,
    111,
    106,
    73,
    28,
    82,
    33,
    11,
    36,
    52,
    39,
    14,
    49,
    28,
    23,
    8,
    33,
    36,
    21,
    39,
    89,
    51,
    25,
    35,
    39,
    25,
    22,
    19,
    30,
    31,
    53,
    31,
    36,
    37,
    96,
    41,
    28,
    11,
    22,
    16,
    30,
    627
  ],
  "params": {
    "objective": "regression",
    "metric": "rmse",
    "boosting_type": "gbdt",
    "learning_rate": 0.005,
    "num_leaves": 32,
    "max_depth": 5,
    "min_data_in_leaf": 500,
    "lambda_l1": 1,
    "lambda_l2": 1,
    "feature_fraction": 0.7,
    "bagging_freq": 10,
    "extra_trees": true,
    "max_bin": 32,
    "verbose": -1,
    "seed": 142,
    "num_threads": 20,
    "deterministic": true,
    "num_iterations": 10000,
    "categorical_column": [
      228
    ]
  },
  "test_corr": 0.06421747033551364,
  "fac_num": 228,
  "avg_abs_true": 0.7150811918261991,
  "avg_abs_pred": 0.03202365108299029
}