{
  "best_iteration": 63,
  "feature_importance": [
    63,
    23,
    36,
    28,
    39,
    27,
    48,
    34,
    6,
    14,
    16,
    12,
    21,
    3,
    8,
    14,
    18,
    0,
    10,
    5,
    18,
    15,
    4,
    2,
    4,
    5,
    8,
    0,
    10,
    8,
    2,
    3,
    3,
    3,
    4,
    5,
    7,
    4,
    3,
    0,
    0,
    3,
    1,
    7,
    7,
    15,
    11,
    6,
    3,
    4,
    15,
    8,
    4,
    10,
    5,
    3,
    4,
    4,
    7,
    8,
    8,
    3,
    4,
    9,
    7,
    6,
    1,
    0,
    4,
    1,
    13,
    6,
    3,
    12,
    4,
    6,
    4,
    4,
    5,
    5,
    3,
    4,
    1,
    6,
    2,
    7,
    3,
    1,
    5,
    8,
    4,
    5,
    2,
    2,
    9,
    7,
    1,
    2,
    5,
    6,
    1,
    3,
    7,
    1,
    10,
    2,
    4,
    3,
    8,
    5,
    5,
    9,
    3,
    2,
    1,
    2,
    2,
    1,
    3,
    2,
    3,
    4,
    1,
    3,
    1,
    5,
    2,
    33,
    29,
    10,
    13,
    16,
    9,
    15,
    45,
    23,
    22,
    19,
    20,
    15,
    15,
    14,
    26,
    10,
    6,
    12,
    18,
    6,
    19,
    15,
    5,
    6,
    8,
    5,
    3,
    13,
    11,
    12,
    6,
    9,
    3,
    5,
    5,
    7,
    4,
    5,
    6,
    4,
    3,
    5,
    3,
    3,
    6,
    4,
    12,
    7,
    4,
    1,
    4,
    4,
    5,
    7,
    1,
    6,
    6,
    5,
    7,
    5,
    6,
    6,
    0,
    3,
    5,
    4,
    10,
    148
  ],
  "params": {
    "objective": "regression",
    "metric": "rmse",
    "boosting_type": "gbdt",
    "learning_rate": 0.005,
    "num_leaves": 32,
    "max_depth": 5,
    "min_data_in_leaf": 500,
    "lambda_l1": 1,
    "lambda_l2": 1,
    "feature_fraction": 0.7,
    "bagging_freq": 10,
    "extra_trees": true,
    "max_bin": 32,
    "verbose": -1,
    "seed": 142,
    "num_threads": 20,
    "deterministic": true,
    "num_iterations": 10000,
    "categorical_column": [
      195
    ]
  },
  "test_corr": 0.0013740217640609376,
  "fac_num": 195,
  "avg_abs_true": 0.7259250258361611,
  "avg_abs_pred": 0.0056625458812551
}