{
  "best_iteration": 178,
  "feature_importance": [
    143,
    108,
    84,
    68,
    101,
    99,
    57,
    100,
    84,
    31,
    47,
    54,
    39,
    15,
    48,
    38,
    56,
    5,
    30,
    5,
    44,
    14,
    23,
    8,
    33,
    13,
    24,
    16,
    20,
    13,
    18,
    19,
    12,
    33,
    23,
    19,
    29,
    5,
    14,
    14,
    4,
    7,
    6,
    13,
    26,
    22,
    9,
    13,
    11,
    14,
    18,
    8,
    21,
    12,
    8,
    10,
    21,
    15,
    9,
    21,
    14,
    11,
    12,
    19,
    20,
    8,
    4,
    16,
    9,
    12,
    14,
    9,
    9,
    8,
    22,
    14,
    23,
    19,
    8,
    9,
    9,
    11,
    16,
    7,
    12,
    14,
    7,
    10,
    13,
    9,
    10,
    7,
    12,
    6,
    11,
    6,
    8,
    6,
    9,
    8,
    3,
    18,
    14,
    5,
    8,
    6,
    7,
    16,
    13,
    7,
    26,
    11,
    9,
    5,
    12,
    9,
    11,
    1,
    18,
    4,
    7,
    13,
    9,
    10,
    12,
    9,
    7,
    149,
    113,
    78,
    86,
    61,
    50,
    68,
    30,
    95,
    73,
    64,
    94,
    67,
    37,
    46,
    42,
    37,
    34,
    4,
    41,
    48,
    28,
    23,
    17,
    22,
    24,
    21,
    15,
    28,
    17,
    21,
    6,
    19,
    17,
    17,
    14,
    10,
    21,
    12,
    14,
    19,
    15,
    11,
    16,
    11,
    12,
    11,
    15,
    15,
    11,
    8,
    11,
    15,
    5,
    5,
    5,
    17,
    9,
    7,
    3,
    8,
    10,
    8,
    10,
    8,
    6,
    5,
    8,
    406
  ],
  "params": {
    "objective": "regression",
    "metric": "rmse",
    "boosting_type": "gbdt",
    "learning_rate": 0.005,
    "num_leaves": 32,
    "max_depth": 5,
    "min_data_in_leaf": 500,
    "lambda_l1": 1,
    "lambda_l2": 1,
    "feature_fraction": 0.7,
    "bagging_freq": 10,
    "extra_trees": true,
    "max_bin": 32,
    "verbose": -1,
    "seed": 142,
    "num_threads": 20,
    "deterministic": true,
    "num_iterations": 10000,
    "categorical_column": [
      195
    ]
  },
  "test_corr": -0.014493069045733989,
  "fac_num": 195,
  "avg_abs_true": 0.7257257869515986,
  "avg_abs_pred": 0.0047193368922175275
}