{
  "best_iteration": 190,
  "feature_importance": [
    157,
    141,
    109,
    96,
    106,
    97,
    80,
    109,
    76,
    39,
    63,
    56,
    49,
    4,
    17,
    35,
    49,
    12,
    29,
    18,
    33,
    52,
    22,
    5,
    25,
    16,
    28,
    22,
    29,
    19,
    10,
    20,
    16,
    31,
    31,
    15,
    34,
    13,
    3,
    10,
    9,
    6,
    9,
    12,
    12,
    20,
    15,
    4,
    15,
    15,
    11,
    11,
    13,
    22,
    14,
    12,
    19,
    13,
    18,
    16,
    12,
    17,
    13,
    12,
    13,
    7,
    4,
    18,
    12,
    5,
    12,
    18,
    20,
    14,
    19,
    14,
    24,
    18,
    11,
    18,
    10,
    16,
    14,
    11,
    9,
    8,
    14,
    12,
    8,
    16,
    8,
    13,
    12,
    8,
    12,
    11,
    9,
    5,
    17,
    16,
    5,
    17,
    18,
    11,
    16,
    9,
    9,
    16,
    26,
    7,
    19,
    10,
    9,
    11,
    20,
    7,
    12,
    9,
    17,
    3,
    17,
    18,
    5,
    10,
    11,
    9,
    12,
    96,
    110,
    69,
    83,
    54,
    39,
    72,
    51,
    110,
    101,
    55,
    59,
    58,
    69,
    67,
    32,
    27,
    37,
    7,
    50,
    30,
    29,
    14,
    25,
    30,
    16,
    23,
    38,
    26,
    18,
    22,
    12,
    10,
    15,
    20,
    23,
    8,
    14,
    17,
    18,
    22,
    24,
    13,
    14,
    16,
    7,
    10,
    12,
    10,
    7,
    8,
    9,
    19,
    15,
    13,
    10,
    17,
    13,
    8,
    5,
    11,
    16,
    15,
    12,
    3,
    5,
    5,
    13,
    406
  ],
  "params": {
    "objective": "regression",
    "metric": "rmse",
    "boosting_type": "gbdt",
    "learning_rate": 0.005,
    "num_leaves": 32,
    "max_depth": 5,
    "min_data_in_leaf": 500,
    "lambda_l1": 1,
    "lambda_l2": 1,
    "feature_fraction": 0.7,
    "bagging_freq": 10,
    "extra_trees": true,
    "max_bin": 32,
    "verbose": -1,
    "seed": 142,
    "num_threads": 20,
    "deterministic": true,
    "num_iterations": 10000,
    "categorical_column": [
      195
    ]
  },
  "test_corr": -0.006227205212523215,
  "fac_num": 195,
  "avg_abs_true": 0.7502785728396051,
  "avg_abs_pred": 0.006181994876532702
}