{
  "best_iteration": 185,
  "feature_importance": [
    120,
    133,
    100,
    98,
    75,
    77,
    105,
    58,
    40,
    38,
    80,
    64,
    51,
    25,
    23,
    22,
    26,
    41,
    37,
    38,
    24,
    12,
    19,
    12,
    11,
    11,
    7,
    16,
    28,
    19,
    15,
    13,
    12,
    12,
    21,
    24,
    29,
    12,
    6,
    13,
    10,
    9,
    18,
    18,
    13,
    24,
    8,
    8,
    14,
    15,
    2,
    22,
    10,
    11,
    12,
    8,
    14,
    13,
    18,
    26,
    12,
    5,
    28,
    15,
    15,
    10,
    16,
    21,
    9,
    12,
    7,
    11,
    18,
    12,
    13,
    7,
    16,
    18,
    19,
    7,
    12,
    12,
    11,
    16,
    18,
    17,
    10,
    3,
    12,
    16,
    11,
    8,
    6,
    9,
    11,
    6,
    12,
    9,
    15,
    12,
    2,
    14,
    12,
    12,
    7,
    3,
    6,
    8,
    11,
    10,
    13,
    13,
    13,
    5,
    9,
    14,
    13,
    8,
    18,
    6,
    10,
    14,
    13,
    11,
    10,
    12,
    9,
    68,
    75,
    70,
    55,
    53,
    46,
    70,
    72,
    83,
    72,
    48,
    50,
    55,
    27,
    61,
    32,
    47,
    24,
    35,
    22,
    32,
    49,
    34,
    16,
    16,
    13,
    22,
    7,
    29,
    9,
    22,
    30,
    18,
    19,
    13,
    19,
    27,
    7,
    19,
    13,
    8,
    5,
    16,
    11,
    10,
    6,
    24,
    22,
    15,
    10,
    6,
    9,
    20,
    7,
    6,
    11,
    8,
    9,
    10,
    3,
    11,
    10,
    16,
    3,
    10,
    11,
    8,
    9,
    401
  ],
  "params": {
    "objective": "regression",
    "metric": "rmse",
    "boosting_type": "gbdt",
    "learning_rate": 0.005,
    "num_leaves": 32,
    "max_depth": 5,
    "min_data_in_leaf": 500,
    "lambda_l1": 1,
    "lambda_l2": 1,
    "feature_fraction": 0.7,
    "bagging_freq": 10,
    "extra_trees": true,
    "max_bin": 32,
    "verbose": -1,
    "seed": 142,
    "num_threads": 20,
    "deterministic": true,
    "num_iterations": 10000,
    "categorical_column": [
      195
    ]
  },
  "test_corr": 0.007586747344348196,
  "fac_num": 195,
  "avg_abs_true": 0.7430274370489441,
  "avg_abs_pred": 0.010189519308027157
}