{
  "best_iteration": 223,
  "feature_importance": [
    41,
    76,
    64,
    57,
    51,
    67,
    15,
    51,
    1,
    20,
    19,
    54,
    17,
    13,
    37,
    12,
    24,
    31,
    7,
    4,
    4,
    6,
    16,
    35,
    21,
    15,
    13,
    3,
    10,
    18,
    8,
    16,
    6,
    14,
    11,
    22,
    18,
    11,
    11,
    8,
    11,
    33,
    20,
    8,
    13,
    4,
    22,
    14,
    5,
    11,
    20,
    27,
    8,
    12,
    6,
    21,
    23,
    17,
    22,
    29,
    24,
    9,
    16,
    9,
    3,
    21,
    4,
    14,
    18,
    13,
    11,
    7,
    9,
    14,
    14,
    13,
    6,
    11,
    8,
    4,
    9,
    16,
    16,
    12,
    14,
    6,
    9,
    7,
    15,
    3,
    9,
    6,
    7,
    13,
    13,
    9,
    12,
    21,
    12,
    16,
    5,
    7,
    16,
    6,
    11,
    3,
    8,
    7,
    4,
    12,
    7,
    13,
    13,
    10,
    13,
    11,
    10,
    11,
    9,
    10,
    1,
    2,
    13,
    11,
    8,
    17,
    7,
    5,
    101,
    76,
    128,
    42,
    88,
    99,
    60,
    61,
    47,
    72,
    57,
    90,
    54,
    63,
    14,
    81,
    93,
    43,
    61,
    64,
    64,
    50,
    30,
    67,
    45,
    46,
    23,
    7,
    43,
    71,
    41,
    49,
    21,
    25,
    30,
    37,
    40,
    54,
    18,
    54,
    29,
    21,
    21,
    34,
    47,
    16,
    34,
    17,
    14,
    16,
    12,
    34,
    32,
    26,
    16,
    17,
    38,
    8,
    28,
    7,
    13,
    37,
    13,
    26,
    10,
    31,
    13,
    18,
    10,
    39,
    8,
    13,
    11,
    42,
    33,
    14,
    12,
    18,
    16,
    18,
    12,
    26,
    32,
    3,
    25,
    6,
    18,
    16,
    26,
    403
  ],
  "params": {
    "objective": "regression",
    "metric": "rmse",
    "boosting_type": "gbdt",
    "learning_rate": 0.005,
    "num_leaves": 32,
    "max_depth": 5,
    "min_data_in_leaf": 500,
    "lambda_l1": 1,
    "lambda_l2": 1,
    "feature_fraction": 0.7,
    "bagging_freq": 10,
    "extra_trees": true,
    "max_bin": 32,
    "verbose": -1,
    "seed": 142,
    "num_threads": 20,
    "deterministic": true,
    "num_iterations": 10000,
    "categorical_column": [
      217
    ]
  },
  "test_corr": 0.025408385022892305,
  "fac_num": 217,
  "avg_abs_true": 0.7302693076014507,
  "avg_abs_pred": 0.019225423365149763
}