{
  "best_iteration": 178,
  "feature_importance": [
    71,
    84,
    114,
    53,
    26,
    21,
    12,
    23,
    5,
    12,
    27,
    8,
    10,
    29,
    10,
    15,
    10,
    34,
    17,
    7,
    6,
    5,
    24,
    22,
    21,
    22,
    18,
    11,
    8,
    10,
    3,
    12,
    1,
    13,
    5,
    18,
    13,
    15,
    10,
    16,
    11,
    10,
    18,
    9,
    16,
    6,
    14,
    8,
    4,
    7,
    11,
    22,
    12,
    8,
    14,
    12,
    16,
    9,
    10,
    12,
    8,
    7,
    18,
    5,
    6,
    23,
    7,
    11,
    9,
    7,
    8,
    3,
    12,
    7,
    8,
    8,
    2,
    12,
    9,
    6,
    4,
    3,
    7,
    11,
    8,
    6,
    3,
    4,
    4,
    14,
    7,
    8,
    7,
    10,
    10,
    6,
    4,
    9,
    6,
    8,
    4,
    7,
    6,
    3,
    7,
    2,
    8,
    3,
    10,
    7,
    10,
    4,
    6,
    4,
    13,
    6,
    10,
    14,
    17,
    11,
    5,
    3,
    3,
    4,
    6,
    2,
    3,
    9,
    125,
    89,
    95,
    64,
    57,
    60,
    62,
    65,
    64,
    70,
    39,
    76,
    64,
    46,
    25,
    29,
    29,
    66,
    24,
    34,
    80,
    37,
    26,
    36,
    53,
    36,
    17,
    9,
    38,
    33,
    12,
    24,
    13,
    32,
    31,
    30,
    5,
    26,
    18,
    13,
    15,
    26,
    22,
    20,
    16,
    53,
    18,
    4,
    28,
    21,
    4,
    13,
    5,
    3,
    14,
    7,
    10,
    9,
    14,
    6,
    15,
    13,
    13,
    14,
    5,
    30,
    9,
    31,
    9,
    12,
    8,
    16,
    16,
    24,
    42,
    8,
    18,
    14,
    9,
    9,
    13,
    7,
    11,
    9,
    6,
    5,
    20,
    15,
    5,
    295
  ],
  "params": {
    "objective": "regression",
    "metric": "rmse",
    "boosting_type": "gbdt",
    "learning_rate": 0.005,
    "num_leaves": 32,
    "max_depth": 5,
    "min_data_in_leaf": 500,
    "lambda_l1": 1,
    "lambda_l2": 1,
    "feature_fraction": 0.7,
    "bagging_freq": 10,
    "extra_trees": true,
    "max_bin": 32,
    "verbose": -1,
    "seed": 142,
    "num_threads": 20,
    "deterministic": true,
    "num_iterations": 10000,
    "categorical_column": [
      217
    ]
  },
  "test_corr": -0.0013564488815881873,
  "fac_num": 217,
  "avg_abs_true": 0.7143700317877765,
  "avg_abs_pred": 0.011049119019475204
}