{
  "best_iteration": 83,
  "feature_importance": [
    53,
    45,
    59,
    53,
    62,
    23,
    27,
    23,
    35,
    18,
    11,
    44,
    34,
    7,
    28,
    13,
    6,
    4,
    18,
    8,
    10,
    4,
    27,
    7,
    12,
    8,
    5,
    1,
    12,
    4,
    0,
    6,
    4,
    12,
    7,
    3,
    9,
    6,
    1,
    5,
    4,
    10,
    0,
    2,
    6,
    8,
    11,
    1,
    10,
    3,
    4,
    1,
    5,
    1,
    4,
    5,
    9,
    9,
    5,
    7,
    1,
    2,
    1,
    3,
    9,
    13,
    3,
    5,
    17,
    11,
    6,
    10,
    5,
    7,
    0,
    6,
    2,
    16,
    13,
    8,
    0,
    11,
    7,
    3,
    8,
    1,
    4,
    5,
    4,
    4,
    9,
    2,
    1,
    2,
    2,
    7,
    8,
    2,
    1,
    4,
    1,
    5,
    5,
    7,
    10,
    7,
    10,
    3,
    2,
    6,
    3,
    5,
    1,
    5,
    1,
    4,
    10,
    4,
    5,
    1,
    5,
    2,
    8,
    4,
    2,
    1,
    3,
    4,
    0,
    7,
    2,
    7,
    4,
    9,
    4,
    2,
    3,
    6,
    2,
    4,
    4,
    2,
    5,
    7,
    6,
    9,
    2,
    3,
    1,
    2,
    59,
    40,
    34,
    46,
    20,
    20,
    26,
    7,
    15,
    28,
    16,
    3,
    8,
    37,
    24,
    23,
    28,
    16,
    23,
    6,
    9,
    10,
    16,
    19,
    15,
    10,
    3,
    2,
    1,
    1,
    3,
    3,
    4,
    20,
    2,
    6,
    9,
    12,
    2,
    3,
    1,
    4,
    4,
    10,
    9,
    3,
    2,
    4,
    6,
    0,
    7,
    3,
    4,
    6,
    0,
    8,
    6,
    1,
    0,
    3,
    1,
    2,
    3,
    1,
    6,
    1,
    5,
    0,
    7,
    1,
    4,
    4,
    5,
    4,
    5,
    8,
    9,
    0,
    2,
    2,
    237
  ],
  "params": {
    "objective": "regression",
    "metric": "rmse",
    "boosting_type": "gbdt",
    "learning_rate": 0.005,
    "num_leaves": 32,
    "max_depth": 5,
    "min_data_in_leaf": 500,
    "lambda_l1": 1,
    "lambda_l2": 1,
    "feature_fraction": 0.7,
    "bagging_freq": 10,
    "extra_trees": true,
    "max_bin": 32,
    "verbose": -1,
    "seed": 142,
    "num_threads": 20,
    "deterministic": true,
    "num_iterations": 10000,
    "categorical_column": [
      230
    ]
  },
  "test_corr": -0.010343205845312205,
  "fac_num": 230,
  "avg_abs_true": 0.7393217823768549,
  "avg_abs_pred": 0.009924372225573356
}