{
  "best_iteration": 994,
  "feature_importance": [
    519,
    305,
    233,
    246,
    299,
    267,
    348,
    247,
    273,
    183,
    213,
    221,
    127,
    184,
    117,
    204,
    135,
    165,
    157,
    134,
    128,
    118,
    148,
    155,
    171,
    122,
    106,
    117,
    94,
    80,
    42,
    114,
    73,
    121,
    48,
    87,
    79,
    91,
    86,
    62,
    81,
    130,
    94,
    97,
    80,
    77,
    85,
    63,
    75,
    85,
    66,
    81,
    103,
    80,
    73,
    64,
    73,
    64,
    76,
    67,
    65,
    60,
    49,
    88,
    59,
    52,
    44,
    47,
    41,
    83,
    41,
    76,
    54,
    51,
    59,
    82,
    90,
    80,
    41,
    54,
    58,
    64,
    62,
    50,
    32,
    68,
    47,
    38,
    65,
    35,
    41,
    41,
    65,
    56,
    55,
    59,
    63,
    59,
    33,
    55,
    43,
    50,
    43,
    57,
    27,
    40,
    36,
    68,
    45,
    22,
    53,
    38,
    39,
    41,
    48,
    41,
    33,
    59,
    62,
    45,
    42,
    49,
    46,
    53,
    69,
    43,
    43,
    549,
    438,
    366,
    390,
    473,
    407,
    457,
    364,
    339,
    317,
    422,
    313,
    172,
    307,
    246,
    226,
    144,
    202,
    205,
    168,
    173,
    117,
    101,
    173,
    161,
    146,
    159,
    122,
    123,
    114,
    132,
    114,
    151,
    105,
    102,
    109,
    102,
    76,
    150,
    98,
    168,
    43,
    84,
    77,
    50,
    84,
    71,
    98,
    84,
    95,
    95,
    101,
    57,
    54,
    55,
    61,
    86,
    64,
    87,
    73,
    85,
    34,
    56,
    49,
    76,
    56,
    60,
    59,
    46,
    54,
    54,
    74,
    58,
    80,
    49,
    58,
    29,
    42,
    50,
    64,
    64,
    67,
    48,
    1805
  ],
  "params": {
    "objective": "regression",
    "metric": "rmse",
    "boosting_type": "gbdt",
    "learning_rate": 0.005,
    "num_leaves": 32,
    "max_depth": 5,
    "min_data_in_leaf": 500,
    "lambda_l1": 1,
    "lambda_l2": 1,
    "feature_fraction": 0.7,
    "bagging_freq": 10,
    "extra_trees": true,
    "max_bin": 32,
    "verbose": -1,
    "seed": 142,
    "num_threads": 20,
    "deterministic": true,
    "num_iterations": 10000,
    "categorical_column": [
      210
    ]
  },
  "test_corr": 0.01264857022349073,
  "fac_num": 210,
  "avg_abs_true": 0.7466097280463607,
  "avg_abs_pred": 0.02085600521142629
}