{
  "best_iteration": 636,
  "feature_importance": [
    369,
    272,
    226,
    213,
    203,
    183,
    148,
    187,
    150,
    146,
    113,
    123,
    77,
    95,
    99,
    75,
    48,
    140,
    81,
    86,
    85,
    74,
    95,
    95,
    56,
    73,
    49,
    36,
    70,
    61,
    27,
    62,
    48,
    76,
    68,
    39,
    51,
    47,
    44,
    33,
    28,
    62,
    39,
    54,
    73,
    65,
    45,
    40,
    28,
    63,
    50,
    55,
    61,
    22,
    32,
    62,
    53,
    48,
    49,
    54,
    45,
    41,
    46,
    50,
    35,
    41,
    40,
    49,
    35,
    43,
    25,
    42,
    49,
    36,
    45,
    27,
    50,
    51,
    47,
    27,
    41,
    31,
    41,
    41,
    37,
    38,
    36,
    26,
    30,
    36,
    26,
    32,
    30,
    15,
    30,
    29,
    39,
    40,
    30,
    27,
    25,
    21,
    18,
    26,
    26,
    29,
    39,
    30,
    23,
    42,
    33,
    30,
    29,
    32,
    30,
    29,
    24,
    28,
    36,
    31,
    15,
    19,
    22,
    26,
    18,
    25,
    28,
    404,
    331,
    181,
    312,
    308,
    307,
    263,
    266,
    218,
    191,
    140,
    180,
    192,
    207,
    227,
    68,
    110,
    133,
    146,
    148,
    121,
    101,
    58,
    83,
    121,
    76,
    152,
    84,
    115,
    36,
    88,
    99,
    69,
    81,
    54,
    62,
    110,
    51,
    96,
    60,
    62,
    28,
    56,
    33,
    17,
    40,
    41,
    69,
    50,
    54,
    43,
    60,
    44,
    34,
    41,
    57,
    39,
    47,
    42,
    58,
    31,
    54,
    27,
    32,
    37,
    47,
    35,
    23,
    47,
    21,
    43,
    26,
    51,
    55,
    21,
    44,
    14,
    22,
    36,
    5,
    27,
    36,
    45,
    1190
  ],
  "params": {
    "objective": "regression",
    "metric": "rmse",
    "boosting_type": "gbdt",
    "learning_rate": 0.005,
    "num_leaves": 32,
    "max_depth": 5,
    "min_data_in_leaf": 500,
    "lambda_l1": 1,
    "lambda_l2": 1,
    "feature_fraction": 0.7,
    "bagging_freq": 10,
    "extra_trees": true,
    "max_bin": 32,
    "verbose": -1,
    "seed": 142,
    "num_threads": 20,
    "deterministic": true,
    "num_iterations": 10000,
    "categorical_column": [
      210
    ]
  },
  "test_corr": 0.009921679654259918,
  "fac_num": 210,
  "avg_abs_true": 0.733672257696766,
  "avg_abs_pred": 0.019387912980390786
}