{
  "best_iteration": 316,
  "feature_importance": [
    227,
    153,
    98,
    73,
    141,
    70,
    130,
    76,
    116,
    74,
    57,
    89,
    25,
    22,
    45,
    65,
    13,
    46,
    59,
    50,
    52,
    62,
    36,
    57,
    30,
    56,
    33,
    17,
    44,
    18,
    17,
    19,
    27,
    35,
    8,
    23,
    34,
    32,
    22,
    19,
    19,
    35,
    24,
    46,
    15,
    48,
    27,
    17,
    23,
    32,
    29,
    37,
    42,
    14,
    19,
    37,
    36,
    35,
    25,
    5,
    25,
    29,
    27,
    19,
    14,
    17,
    28,
    51,
    20,
    20,
    14,
    18,
    29,
    24,
    29,
    13,
    26,
    10,
    25,
    23,
    14,
    23,
    24,
    18,
    25,
    17,
    15,
    7,
    15,
    12,
    21,
    18,
    3,
    8,
    17,
    18,
    16,
    23,
    33,
    33,
    24,
    22,
    7,
    11,
    13,
    12,
    5,
    20,
    18,
    9,
    5,
    16,
    15,
    14,
    12,
    4,
    14,
    20,
    9,
    4,
    6,
    8,
    16,
    21,
    12,
    16,
    4,
    167,
    241,
    166,
    108,
    144,
    209,
    145,
    119,
    116,
    88,
    100,
    79,
    141,
    134,
    137,
    44,
    81,
    62,
    37,
    73,
    53,
    47,
    4,
    57,
    49,
    57,
    72,
    36,
    34,
    38,
    47,
    29,
    22,
    68,
    30,
    25,
    21,
    37,
    39,
    15,
    24,
    16,
    40,
    23,
    9,
    31,
    45,
    21,
    29,
    31,
    17,
    38,
    33,
    16,
    9,
    10,
    18,
    23,
    21,
    15,
    11,
    17,
    16,
    14,
    24,
    12,
    17,
    13,
    23,
    19,
    34,
    27,
    29,
    39,
    29,
    19,
    2,
    11,
    38,
    4,
    21,
    20,
    18,
    670
  ],
  "params": {
    "objective": "regression",
    "metric": "rmse",
    "boosting_type": "gbdt",
    "learning_rate": 0.005,
    "num_leaves": 32,
    "max_depth": 5,
    "min_data_in_leaf": 500,
    "lambda_l1": 1,
    "lambda_l2": 1,
    "feature_fraction": 0.7,
    "bagging_freq": 10,
    "extra_trees": true,
    "max_bin": 32,
    "verbose": -1,
    "seed": 142,
    "num_threads": 20,
    "deterministic": true,
    "num_iterations": 10000,
    "categorical_column": [
      210
    ]
  },
  "test_corr": 0.006211062154440256,
  "fac_num": 210,
  "avg_abs_true": 0.7197002063575552,
  "avg_abs_pred": 0.012826420061327289
}