{
  "best_iteration": 67,
  "feature_importance": [
    65,
    40,
    31,
    27,
    72,
    18,
    11,
    19,
    37,
    12,
    5,
    24,
    16,
    7,
    16,
    7,
    6,
    0,
    10,
    2,
    12,
    11,
    13,
    9,
    13,
    2,
    9,
    0,
    7,
    3,
    3,
    7,
    12,
    13,
    8,
    3,
    10,
    8,
    0,
    2,
    7,
    10,
    5,
    2,
    1,
    4,
    22,
    2,
    16,
    6,
    1,
    1,
    9,
    1,
    4,
    0,
    7,
    1,
    6,
    8,
    4,
    4,
    2,
    9,
    4,
    14,
    1,
    5,
    5,
    5,
    5,
    1,
    6,
    3,
    3,
    4,
    2,
    9,
    6,
    6,
    4,
    2,
    7,
    6,
    1,
    1,
    1,
    6,
    13,
    4,
    3,
    3,
    1,
    9,
    4,
    4,
    2,
    7,
    4,
    4,
    5,
    2,
    6,
    5,
    4,
    6,
    3,
    3,
    1,
    2,
    3,
    8,
    2,
    8,
    4,
    4,
    5,
    2,
    3,
    1,
    6,
    7,
    7,
    5,
    7,
    1,
    2,
    8,
    10,
    5,
    2,
    4,
    5,
    5,
    0,
    3,
    4,
    5,
    3,
    2,
    1,
    0,
    1,
    15,
    2,
    2,
    1,
    6,
    5,
    1,
    36,
    10,
    25,
    8,
    11,
    29,
    48,
    8,
    3,
    16,
    21,
    8,
    1,
    17,
    15,
    12,
    15,
    13,
    14,
    2,
    2,
    4,
    2,
    9,
    8,
    17,
    3,
    1,
    0,
    0,
    1,
    2,
    6,
    7,
    2,
    3,
    11,
    7,
    4,
    0,
    3,
    2,
    5,
    4,
    8,
    6,
    1,
    2,
    4,
    4,
    4,
    4,
    5,
    3,
    3,
    8,
    3,
    4,
    3,
    1,
    0,
    0,
    5,
    2,
    5,
    1,
    7,
    2,
    2,
    2,
    1,
    3,
    1,
    3,
    2,
    8,
    10,
    6,
    1,
    2,
    180
  ],
  "params": {
    "objective": "regression",
    "metric": "rmse",
    "boosting_type": "gbdt",
    "learning_rate": 0.005,
    "num_leaves": 32,
    "max_depth": 5,
    "min_data_in_leaf": 500,
    "lambda_l1": 1,
    "lambda_l2": 1,
    "feature_fraction": 0.7,
    "bagging_freq": 10,
    "extra_trees": true,
    "max_bin": 32,
    "verbose": -1,
    "seed": 142,
    "num_threads": 20,
    "deterministic": true,
    "num_iterations": 10000,
    "categorical_column": [
      230
    ]
  },
  "test_corr": -0.01079674808122407,
  "fac_num": 230,
  "avg_abs_true": 0.7197529262488226,
  "avg_abs_pred": 0.007374430589100609
}