{
  "best_iteration": 77,
  "feature_importance": [
    38,
    28,
    16,
    7,
    41,
    13,
    16,
    18,
    36,
    14,
    14,
    4,
    9,
    16,
    25,
    14,
    27,
    17,
    10,
    27,
    5,
    20,
    12,
    22,
    16,
    8,
    5,
    9,
    6,
    4,
    8,
    10,
    6,
    9,
    9,
    6,
    0,
    3,
    22,
    9,
    5,
    2,
    5,
    9,
    5,
    8,
    8,
    4,
    10,
    10,
    2,
    6,
    1,
    3,
    0,
    12,
    1,
    4,
    2,
    5,
    3,
    4,
    7,
    7,
    8,
    12,
    5,
    7,
    5,
    2,
    1,
    5,
    3,
    8,
    5,
    3,
    7,
    11,
    1,
    1,
    7,
    3,
    2,
    4,
    4,
    8,
    6,
    2,
    8,
    3,
    9,
    3,
    3,
    8,
    3,
    2,
    4,
    9,
    3,
    5,
    6,
    3,
    2,
    4,
    9,
    10,
    1,
    2,
    2,
    0,
    2,
    2,
    5,
    6,
    4,
    3,
    1,
    4,
    2,
    7,
    4,
    3,
    8,
    2,
    11,
    1,
    3,
    1,
    5,
    4,
    3,
    1,
    2,
    5,
    5,
    4,
    2,
    1,
    0,
    2,
    8,
    2,
    4,
    5,
    1,
    3,
    6,
    39,
    70,
    29,
    11,
    8,
    5,
    44,
    18,
    23,
    15,
    9,
    11,
    23,
    34,
    16,
    14,
    11,
    30,
    8,
    30,
    17,
    12,
    3,
    26,
    14,
    8,
    8,
    13,
    23,
    10,
    7,
    16,
    13,
    12,
    10,
    16,
    2,
    14,
    3,
    4,
    9,
    9,
    13,
    2,
    4,
    9,
    4,
    3,
    26,
    20,
    7,
    6,
    3,
    8,
    5,
    1,
    0,
    6,
    13,
    4,
    8,
    3,
    20,
    8,
    5,
    3,
    2,
    1,
    19,
    1,
    22,
    12,
    5,
    2,
    5,
    155
  ],
  "params": {
    "objective": "regression",
    "metric": "rmse",
    "boosting_type": "gbdt",
    "learning_rate": 0.005,
    "num_leaves": 32,
    "max_depth": 5,
    "min_data_in_leaf": 500,
    "lambda_l1": 1,
    "lambda_l2": 1,
    "feature_fraction": 0.7,
    "bagging_freq": 10,
    "extra_trees": true,
    "max_bin": 32,
    "verbose": -1,
    "seed": 142,
    "num_threads": 20,
    "deterministic": true,
    "num_iterations": 10000,
    "categorical_column": [
      222
    ]
  },
  "test_corr": 0.02815984793917528,
  "fac_num": 222,
  "avg_abs_true": 0.7110849058486787,
  "avg_abs_pred": 0.011949756871880532
}