{
  "best_iteration": 501,
  "feature_importance": [
    180,
    215,
    253,
    193,
    157,
    119,
    122,
    254,
    110,
    142,
    125,
    107,
    46,
    95,
    95,
    133,
    105,
    103,
    51,
    47,
    57,
    86,
    52,
    37,
    62,
    44,
    27,
    53,
    35,
    24,
    69,
    53,
    65,
    41,
    64,
    43,
    16,
    40,
    61,
    27,
    32,
    47,
    37,
    50,
    49,
    33,
    61,
    38,
    53,
    19,
    25,
    53,
    39,
    29,
    32,
    52,
    29,
    39,
    51,
    32,
    21,
    44,
    34,
    31,
    26,
    37,
    35,
    34,
    47,
    59,
    36,
    55,
    32,
    29,
    21,
    22,
    23,
    67,
    13,
    15,
    39,
    26,
    29,
    23,
    23,
    14,
    35,
    28,
    19,
    23,
    18,
    22,
    21,
    31,
    28,
    12,
    17,
    27,
    30,
    19,
    35,
    34,
    16,
    32,
    26,
    35,
    14,
    4,
    19,
    10,
    33,
    25,
    17,
    33,
    16,
    25,
    18,
    28,
    25,
    20,
    25,
    23,
    26,
    15,
    19,
    20,
    14,
    17,
    35,
    22,
    14,
    29,
    24,
    20,
    18,
    31,
    29,
    30,
    21,
    33,
    18,
    13,
    15,
    26,
    9,
    8,
    18,
    368,
    161,
    205,
    116,
    189,
    113,
    230,
    178,
    194,
    128,
    146,
    109,
    109,
    117,
    146,
    102,
    93,
    112,
    104,
    74,
    99,
    138,
    63,
    87,
    97,
    67,
    101,
    125,
    91,
    90,
    50,
    46,
    51,
    64,
    92,
    40,
    41,
    40,
    53,
    29,
    37,
    67,
    45,
    35,
    32,
    42,
    46,
    33,
    44,
    36,
    39,
    68,
    28,
    45,
    34,
    44,
    32,
    52,
    26,
    26,
    40,
    46,
    36,
    22,
    31,
    35,
    33,
    40,
    36,
    9,
    17,
    45,
    46,
    30,
    38,
    855
  ],
  "params": {
    "objective": "regression",
    "metric": "rmse",
    "boosting_type": "gbdt",
    "learning_rate": 0.005,
    "num_leaves": 32,
    "max_depth": 5,
    "min_data_in_leaf": 500,
    "lambda_l1": 1,
    "lambda_l2": 1,
    "feature_fraction": 0.7,
    "bagging_freq": 10,
    "extra_trees": true,
    "max_bin": 32,
    "verbose": -1,
    "seed": 142,
    "num_threads": 20,
    "deterministic": true,
    "num_iterations": 10000,
    "categorical_column": [
      222
    ]
  },
  "test_corr": 0.018895684056291138,
  "fac_num": 222,
  "avg_abs_true": 0.7161582647063389,
  "avg_abs_pred": 0.02874990190010842
}