{
  "best_iteration": 515,
  "feature_importance": [
    210,
    199,
    203,
    144,
    265,
    140,
    190,
    251,
    80,
    93,
    114,
    102,
    79,
    85,
    36,
    97,
    92,
    103,
    75,
    53,
    96,
    109,
    43,
    65,
    75,
    45,
    50,
    29,
    66,
    38,
    53,
    38,
    53,
    60,
    67,
    67,
    11,
    40,
    63,
    37,
    34,
    18,
    59,
    33,
    48,
    50,
    40,
    63,
    28,
    50,
    25,
    38,
    51,
    25,
    22,
    39,
    58,
    35,
    45,
    35,
    34,
    35,
    26,
    35,
    41,
    33,
    43,
    35,
    24,
    38,
    30,
    30,
    30,
    43,
    47,
    22,
    17,
    45,
    13,
    41,
    35,
    35,
    25,
    24,
    26,
    14,
    25,
    23,
    44,
    30,
    30,
    28,
    31,
    22,
    25,
    27,
    19,
    16,
    24,
    33,
    60,
    47,
    21,
    29,
    21,
    30,
    10,
    16,
    17,
    24,
    28,
    21,
    43,
    17,
    32,
    35,
    11,
    15,
    25,
    20,
    44,
    14,
    38,
    18,
    32,
    28,
    26,
    24,
    18,
    11,
    25,
    19,
    28,
    32,
    21,
    23,
    23,
    30,
    39,
    23,
    15,
    19,
    18,
    39,
    6,
    11,
    29,
    385,
    200,
    175,
    180,
    198,
    98,
    207,
    140,
    186,
    186,
    143,
    100,
    133,
    127,
    110,
    109,
    87,
    55,
    150,
    109,
    74,
    141,
    57,
    61,
    114,
    88,
    74,
    68,
    81,
    66,
    33,
    72,
    48,
    43,
    48,
    79,
    35,
    121,
    14,
    71,
    48,
    59,
    29,
    51,
    44,
    69,
    44,
    37,
    21,
    79,
    31,
    42,
    24,
    18,
    77,
    10,
    32,
    25,
    25,
    26,
    28,
    34,
    30,
    34,
    43,
    28,
    45,
    76,
    48,
    23,
    29,
    33,
    30,
    38,
    31,
    850
  ],
  "params": {
    "objective": "regression",
    "metric": "rmse",
    "boosting_type": "gbdt",
    "learning_rate": 0.005,
    "num_leaves": 32,
    "max_depth": 5,
    "min_data_in_leaf": 500,
    "lambda_l1": 1,
    "lambda_l2": 1,
    "feature_fraction": 0.7,
    "bagging_freq": 10,
    "extra_trees": true,
    "max_bin": 32,
    "verbose": -1,
    "seed": 142,
    "num_threads": 20,
    "deterministic": true,
    "num_iterations": 10000,
    "categorical_column": [
      222
    ]
  },
  "test_corr": 0.02112852287077558,
  "fac_num": 222,
  "avg_abs_true": 0.7264854511568601,
  "avg_abs_pred": 0.03444035613365464
}