{
  "best_iteration": 1067,
  "feature_importance": [
    554,
    467,
    247,
    321,
    400,
    271,
    259,
    492,
    218,
    285,
    307,
    157,
    146,
    93,
    191,
    200,
    222,
    193,
    93,
    55,
    165,
    177,
    178,
    153,
    142,
    95,
    70,
    101,
    120,
    74,
    146,
    131,
    112,
    94,
    42,
    79,
    31,
    90,
    99,
    67,
    80,
    71,
    105,
    37,
    106,
    69,
    100,
    60,
    110,
    90,
    57,
    65,
    56,
    88,
    58,
    107,
    84,
    77,
    47,
    84,
    58,
    80,
    51,
    70,
    53,
    86,
    60,
    71,
    75,
    71,
    63,
    75,
    72,
    91,
    61,
    69,
    85,
    42,
    63,
    54,
    53,
    55,
    61,
    66,
    56,
    40,
    74,
    55,
    77,
    67,
    96,
    65,
    60,
    73,
    66,
    51,
    54,
    56,
    28,
    60,
    60,
    80,
    44,
    75,
    63,
    56,
    45,
    48,
    52,
    18,
    47,
    50,
    41,
    34,
    59,
    60,
    65,
    59,
    42,
    55,
    61,
    42,
    51,
    55,
    66,
    40,
    30,
    37,
    57,
    23,
    31,
    49,
    46,
    22,
    52,
    65,
    46,
    40,
    55,
    38,
    18,
    50,
    40,
    56,
    27,
    46,
    54,
    736,
    293,
    279,
    339,
    359,
    262,
    470,
    353,
    324,
    329,
    140,
    178,
    303,
    312,
    251,
    241,
    286,
    188,
    175,
    194,
    154,
    282,
    157,
    187,
    236,
    237,
    236,
    118,
    152,
    167,
    134,
    65,
    130,
    113,
    90,
    92,
    100,
    212,
    112,
    69,
    93,
    127,
    79,
    106,
    126,
    98,
    62,
    89,
    97,
    124,
    59,
    108,
    93,
    93,
    102,
    77,
    57,
    75,
    84,
    80,
    87,
    61,
    53,
    83,
    66,
    76,
    80,
    65,
    63,
    41,
    21,
    60,
    63,
    76,
    55,
    1856
  ],
  "params": {
    "objective": "regression",
    "metric": "rmse",
    "boosting_type": "gbdt",
    "learning_rate": 0.005,
    "num_leaves": 32,
    "max_depth": 5,
    "min_data_in_leaf": 500,
    "lambda_l1": 1,
    "lambda_l2": 1,
    "feature_fraction": 0.7,
    "bagging_freq": 10,
    "extra_trees": true,
    "max_bin": 32,
    "verbose": -1,
    "seed": 142,
    "num_threads": 20,
    "deterministic": true,
    "num_iterations": 10000,
    "categorical_column": [
      222
    ]
  },
  "test_corr": 0.019896967026141903,
  "fac_num": 222,
  "avg_abs_true": 0.7086259874298954,
  "avg_abs_pred": 0.037866255663448097
}